{
  "m": 3.411427497008562,
  "n": 5.535159887545467,
  "k": 2.5204148028278723,
  "w": 631,
  "h": 1024
}