{
  "m": 4.300975380460184,
  "n": 5.6451124907837515,
  "k": 2.330181778408587,
  "w": 780,
  "h": 1024
}