{
  "m": 4.311546100491762,
  "n": 3.901865537746861,
  "k": 2.7982230591587722,
  "w": 1024,
  "h": 926
}