{
  "m": 6.262988571806073,
  "n": 8.468179425038919,
  "k": 2.6205175081267953,
  "w": 757,
  "h": 1024
}